GEO.id,Id
GEO.id2,Id2
GEO.display-label,Geography
HD01_VD01,Estimate; Total:
HD01_VD02,Estimate; Speak only English
HD01_VD03,Estimate; Spanish or Spanish Creole:
HD01_VD04,"Estimate; Spanish or Spanish Creole: - Speak English ""very well"""
HD01_VD05,"Estimate; Spanish or Spanish Creole: - Speak English less than ""very well"""
HD01_VD06,"Estimate; French (incl. Patois, Cajun):"
HD01_VD07,"Estimate; French (incl. Patois, Cajun): - Speak English ""very well"""
HD01_VD08,"Estimate; French (incl. Patois, Cajun): - Speak English less than ""very well"""
HD01_VD09,Estimate; French Creole:
HD01_VD10,"Estimate; French Creole: - Speak English ""very well"""
HD01_VD11,"Estimate; French Creole: - Speak English less than ""very well"""
HD01_VD12,Estimate; Italian:
HD01_VD13,"Estimate; Italian: - Speak English ""very well"""
HD01_VD14,"Estimate; Italian: - Speak English less than ""very well"""
HD01_VD15,Estimate; Portuguese or Portuguese Creole:
HD01_VD16,"Estimate; Portuguese or Portuguese Creole: - Speak English ""very well"""
HD01_VD17,"Estimate; Portuguese or Portuguese Creole: - Speak English less than ""very well"""
HD01_VD18,Estimate; German:
HD01_VD19,"Estimate; German: - Speak English ""very well"""
HD01_VD20,"Estimate; German: - Speak English less than ""very well"""
HD01_VD21,Estimate; Yiddish:
HD01_VD22,"Estimate; Yiddish: - Speak English ""very well"""
HD01_VD23,"Estimate; Yiddish: - Speak English less than ""very well"""
HD01_VD24,Estimate; Other West Germanic languages:
HD01_VD25,"Estimate; Other West Germanic languages: - Speak English ""very well"""
HD01_VD26,"Estimate; Other West Germanic languages: - Speak English less than ""very well"""
HD01_VD27,Estimate; Scandinavian languages:
HD01_VD28,"Estimate; Scandinavian languages: - Speak English ""very well"""
HD01_VD29,"Estimate; Scandinavian languages: - Speak English less than ""very well"""
HD01_VD30,Estimate; Greek:
HD01_VD31,"Estimate; Greek: - Speak English ""very well"""
HD01_VD32,"Estimate; Greek: - Speak English less than ""very well"""
HD01_VD33,Estimate; Russian:
HD01_VD34,"Estimate; Russian: - Speak English ""very well"""
HD01_VD35,"Estimate; Russian: - Speak English less than ""very well"""
HD01_VD36,Estimate; Polish:
HD01_VD37,"Estimate; Polish: - Speak English ""very well"""
HD01_VD38,"Estimate; Polish: - Speak English less than ""very well"""
HD01_VD39,Estimate; Serbo-Croatian:
HD01_VD40,"Estimate; Serbo-Croatian: - Speak English ""very well"""
HD01_VD41,"Estimate; Serbo-Croatian: - Speak English less than ""very well"""
HD01_VD42,Estimate; Other Slavic languages:
HD01_VD43,"Estimate; Other Slavic languages: - Speak English ""very well"""
HD01_VD44,"Estimate; Other Slavic languages: - Speak English less than ""very well"""
HD01_VD45,Estimate; Armenian:
HD01_VD46,"Estimate; Armenian: - Speak English ""very well"""
HD01_VD47,"Estimate; Armenian: - Speak English less than ""very well"""
HD01_VD48,Estimate; Persian:
HD01_VD49,"Estimate; Persian: - Speak English ""very well"""
HD01_VD50,"Estimate; Persian: - Speak English less than ""very well"""
HD01_VD51,Estimate; Gujarati:
HD01_VD52,"Estimate; Gujarati: - Speak English ""very well"""
HD01_VD53,"Estimate; Gujarati: - Speak English less than ""very well"""
HD01_VD54,Estimate; Hindi:
HD01_VD55,"Estimate; Hindi: - Speak English ""very well"""
HD01_VD56,"Estimate; Hindi: - Speak English less than ""very well"""
HD01_VD57,Estimate; Urdu:
HD01_VD58,"Estimate; Urdu: - Speak English ""very well"""
HD01_VD59,"Estimate; Urdu: - Speak English less than ""very well"""
HD01_VD60,Estimate; Other Indic languages:
HD01_VD61,"Estimate; Other Indic languages: - Speak English ""very well"""
HD01_VD62,"Estimate; Other Indic languages: - Speak English less than ""very well"""
HD01_VD63,Estimate; Other Indo-European languages:
HD01_VD64,"Estimate; Other Indo-European languages: - Speak English ""very well"""
HD01_VD65,"Estimate; Other Indo-European languages: - Speak English less than ""very well"""
HD01_VD66,Estimate; Chinese:
HD01_VD67,"Estimate; Chinese: - Speak English ""very well"""
HD01_VD68,"Estimate; Chinese: - Speak English less than ""very well"""
HD01_VD69,Estimate; Japanese:
HD01_VD70,"Estimate; Japanese: - Speak English ""very well"""
HD01_VD71,"Estimate; Japanese: - Speak English less than ""very well"""
HD01_VD72,Estimate; Korean:
HD01_VD73,"Estimate; Korean: - Speak English ""very well"""
HD01_VD74,"Estimate; Korean: - Speak English less than ""very well"""
HD01_VD75,"Estimate; Mon-Khmer, Cambodian:"
HD01_VD76,"Estimate; Mon-Khmer, Cambodian: - Speak English ""very well"""
HD01_VD77,"Estimate; Mon-Khmer, Cambodian: - Speak English less than ""very well"""
HD01_VD78,Estimate; Hmong:
HD01_VD79,"Estimate; Hmong: - Speak English ""very well"""
HD01_VD80,"Estimate; Hmong: - Speak English less than ""very well"""
HD01_VD81,Estimate; Thai:
HD01_VD82,"Estimate; Thai: - Speak English ""very well"""
HD01_VD83,"Estimate; Thai: - Speak English less than ""very well"""
HD01_VD84,Estimate; Laotian:
HD01_VD85,"Estimate; Laotian: - Speak English ""very well"""
HD01_VD86,"Estimate; Laotian: - Speak English less than ""very well"""
HD01_VD87,Estimate; Vietnamese:
HD01_VD88,"Estimate; Vietnamese: - Speak English ""very well"""
HD01_VD89,"Estimate; Vietnamese: - Speak English less than ""very well"""
HD01_VD90,Estimate; Other Asian languages:
HD01_VD91,"Estimate; Other Asian languages: - Speak English ""very well"""
HD01_VD92,"Estimate; Other Asian languages: - Speak English less than ""very well"""
HD01_VD93,Estimate; Tagalog:
HD01_VD94,"Estimate; Tagalog: - Speak English ""very well"""
HD01_VD95,"Estimate; Tagalog: - Speak English less than ""very well"""
HD01_VD96,Estimate; Other Pacific Island languages:
HD01_VD97,"Estimate; Other Pacific Island languages: - Speak English ""very well"""
HD01_VD98,"Estimate; Other Pacific Island languages: - Speak English less than ""very well"""
HD01_VD99,Estimate; Navajo:
HD01_VD100,"Estimate; Navajo: - Speak English ""very well"""
HD01_VD101,"Estimate; Navajo: - Speak English less than ""very well"""
HD01_VD102,Estimate; Other Native North American languages:
HD01_VD103,"Estimate; Other Native North American languages: - Speak English ""very well"""
HD01_VD104,"Estimate; Other Native North American languages: - Speak English less than ""very well"""
HD01_VD105,Estimate; Hungarian:
HD01_VD106,"Estimate; Hungarian: - Speak English ""very well"""
HD01_VD107,"Estimate; Hungarian: - Speak English less than ""very well"""
HD01_VD108,Estimate; Arabic:
HD01_VD109,"Estimate; Arabic: - Speak English ""very well"""
HD01_VD110,"Estimate; Arabic: - Speak English less than ""very well"""
HD01_VD111,Estimate; Hebrew:
HD01_VD112,"Estimate; Hebrew: - Speak English ""very well"""
HD01_VD113,"Estimate; Hebrew: - Speak English less than ""very well"""
HD01_VD114,Estimate; African languages:
HD01_VD115,"Estimate; African languages: - Speak English ""very well"""
HD01_VD116,"Estimate; African languages: - Speak English less than ""very well"""
HD01_VD117,Estimate; Other and unspecified languages:
HD01_VD118,"Estimate; Other and unspecified languages: - Speak English ""very well"""
HD01_VD119,"Estimate; Other and unspecified languages: - Speak English less than ""very well"""
